t,raw,filtered
0.000000,0.091415,0.009141
0.001000,-0.218781,-0.013651
0.002000,0.405483,0.028263
0.003000,0.538081,0.079244
0.004000,-0.269766,0.044343
0.005000,-0.034219,0.036487
0.006000,0.415945,0.074433
0.007000,0.285074,0.095497
0.008000,0.361207,0.122068
0.009000,0.084881,0.118349
0.010000,0.572836,0.163798
0.011000,0.510272,0.198445
0.012000,0.270377,0.205639
0.013000,0.573517,0.242426
0.014000,0.375821,0.255766
0.015000,-0.003797,0.229810
0.016000,0.402168,0.247045
0.017000,0.059573,0.228298
0.018000,0.681805,0.273649
0.019000,0.485302,0.294814
0.020000,0.532327,0.318565
0.021000,0.470432,0.333752
0.022000,1.121743,0.412551
0.023000,0.776756,0.448972
0.024000,0.746260,0.478701
0.025000,0.801467,0.510977
0.026000,1.078873,0.567767
0.027000,1.021548,0.613145
0.028000,1.011890,0.653019
0.029000,0.981205,0.685838
0.030000,1.451511,0.762405
0.031000,0.643353,0.750500
0.032000,0.573098,0.732760
0.033000,0.454807,0.704965
0.034000,0.870889,0.721557
0.035000,1.029698,0.752371
0.036000,0.680432,0.745177
0.037000,0.503904,0.721050
0.038000,0.564875,0.705432
0.039000,1.074255,0.742315
0.040000,1.174033,0.785486
0.041000,1.185043,0.825442
0.042000,0.886487,0.831547
0.043000,1.207369,0.869129
0.044000,1.207504,0.902966
0.045000,1.253295,0.937999
0.046000,1.443755,0.988575
0.047000,1.224444,1.012162
0.048000,1.319258,1.042871
0.049000,1.081584,1.046743
0.050000,1.086736,1.050742
0.051000,1.127090,1.058377
0.052000,0.443323,0.996871
0.053000,0.737857,0.970970
0.054000,0.660792,0.939952
0.055000,0.596025,0.905559
0.056000,0.709533,0.885957
0.057000,1.262596,0.923621
0.058000,0.591277,0.890386
0.059000,1.188974,0.920245
0.060000,0.446196,0.872840
0.061000,0.902219,0.875778
0.062000,1.096159,0.897816
0.063000,1.255425,0.933577
0.064000,1.308406,0.971060
0.065000,1.329011,1.006855
0.066000,0.961900,1.002360
0.067000,0.883840,0.990508
0.068000,1.219278,1.013385
0.069000,0.831493,0.995195
0.070000,0.426311,0.938307
0.071000,0.388365,0.883313
0.072000,0.377121,0.832694
0.073000,0.737456,0.823170
0.074000,0.581485,0.799001
0.075000,0.714252,0.790526
0.076000,0.366160,0.748090
0.077000,0.547070,0.727988
0.078000,0.707544,0.725943
0.079000,0.458300,0.699179
0.080000,0.724818,0.701743
0.081000,0.425309,0.674100
0.082000,0.544468,0.661136
0.083000,0.556323,0.650655
0.084000,0.313213,0.616911
0.085000,0.800082,0.635228
0.086000,0.475170,0.619222
0.087000,0.562700,0.613570
0.088000,0.629906,0.615204
0.089000,0.534501,0.607133
0.090000,0.508633,0.597283
0.091000,0.187642,0.556319
0.092000,0.004143,0.501102
0.093000,0.032424,0.454234
0.094000,-0.509030,0.357907
0.095000,-0.477699,0.274347
0.096000,-0.461688,0.200743
0.097000,-0.366869,0.143982
0.098000,0.065166,0.136100
0.099000,-0.302036,0.092287
0.100000,-0.113449,0.071713
0.101000,0.420161,0.106558
0.102000,-0.052113,0.090691
0.103000,0.288950,0.110517
0.104000,-0.215207,0.077944
0.105000,-0.018066,0.068343
0.106000,-0.282177,0.033291
0.107000,-0.158050,0.014157
0.108000,0.120960,0.024837
0.109000,-0.735384,-0.051185
0.110000,-0.178690,-0.063935
0.111000,-0.329221,-0.090464
0.112000,-0.663927,-0.147810
0.113000,-0.992769,-0.232306
0.114000,-0.594352,-0.268511
0.115000,-0.812838,-0.322943
0.116000,-0.602162,-0.350865
0.117000,-0.664289,-0.382208
0.118000,-0.172850,-0.361272
0.119000,-0.695693,-0.394714
0.120000,-0.894835,-0.444726
0.121000,-0.497321,-0.449986
0.122000,-0.453868,-0.450374
0.123000,-0.091752,-0.414512
0.124000,-0.243802,-0.397441
0.125000,-0.400045,-0.397701
0.126000,-0.099766,-0.367908
0.127000,-0.944937,-0.425611
0.128000,-0.844882,-0.467538
0.129000,-1.006324,-0.521416
0.130000,-0.925960,-0.561871
0.131000,-1.301890,-0.635873
0.132000,-0.771340,-0.649419
0.133000,-1.089212,-0.693399
0.134000,-1.507760,-0.774835
0.135000,-1.395680,-0.836919
0.136000,-1.000984,-0.853326
0.137000,-0.828120,-0.850805
0.138000,-0.448314,-0.810556
0.139000,-0.128525,-0.742353
0.140000,-0.826734,-0.750791
0.141000,-1.195352,-0.795247
0.142000,-1.490640,-0.864786
0.143000,-0.733800,-0.851688
0.144000,-1.035958,-0.870115
0.145000,-0.912296,-0.874333
0.146000,-0.985532,-0.885453
0.147000,-0.875996,-0.884507
0.148000,-0.560676,-0.852124
0.149000,-0.890589,-0.855971
0.150000,-1.047590,-0.875132
0.151000,-1.372006,-0.924820
0.152000,-1.617989,-0.994137
0.153000,-1.303258,-1.025049
0.154000,-1.198461,-1.042390
0.155000,-0.657309,-1.003882
0.156000,-1.133416,-1.016835
0.157000,-0.842898,-0.999442
0.158000,-1.235929,-1.023090
0.159000,-1.377580,-1.058539
0.160000,-1.240592,-1.076745
0.161000,-1.096645,-1.078735
0.162000,-0.173679,-0.988229
0.163000,-1.002367,-0.989643
0.164000,-0.463069,-0.936985
0.165000,-0.961885,-0.939475
0.166000,-0.406623,-0.886190
0.167000,-0.583453,-0.855916
0.168000,-0.773762,-0.847701
0.169000,-0.777506,-0.840682
0.170000,-1.005453,-0.857159
0.171000,-0.718137,-0.843257
0.172000,-1.024565,-0.861387
0.173000,-1.279596,-0.903208
0.174000,-1.302561,-0.943143
0.175000,-0.855330,-0.934362
0.176000,-0.401031,-0.881029
0.177000,-0.775118,-0.870438
0.178000,-0.790573,-0.862451
0.179000,-0.588963,-0.835103
0.180000,-0.195985,-0.771191
0.181000,-0.434465,-0.737518
0.182000,-0.541548,-0.717921
0.183000,-0.015351,-0.647664
0.184000,-0.162915,-0.599189
0.185000,0.206736,-0.518597
0.186000,-0.180598,-0.484797
0.187000,-0.602685,-0.496586
0.188000,-0.661015,-0.513029
0.189000,0.218344,-0.439891
0.190000,0.208083,-0.375094
0.191000,-0.394650,-0.377050
0.192000,-0.481203,-0.387465
0.193000,0.058487,-0.342870
0.194000,-0.709706,-0.379553
0.195000,-0.624853,-0.404083
0.196000,-0.122546,-0.375930
0.197000,-0.374293,-0.375766
0.198000,-0.181884,-0.356378
0.199000,-0.142247,-0.334965
0.200000,0.101272,-0.291341
0.201000,0.515459,-0.210661
0.202000,0.207523,-0.168843
0.203000,0.449093,-0.107049
0.204000,-0.299507,-0.126295
0.205000,0.341819,-0.079483
0.206000,0.124624,-0.059073
0.207000,0.014303,-0.051735
0.208000,0.102801,-0.036282
0.209000,0.240557,-0.008598
0.210000,0.583788,0.050641
0.211000,-0.120983,0.033479
0.212000,0.259757,0.056106
0.213000,0.090094,0.059505
0.214000,0.137266,0.067281
0.215000,0.554818,0.116035
0.216000,0.452977,0.149729
0.217000,0.748457,0.209602
0.218000,0.371918,0.225834
0.219000,0.291497,0.232400
0.220000,0.520628,0.261223
0.221000,0.747459,0.309846
0.222000,0.807953,0.359657
0.223000,0.497799,0.373471
0.224000,0.901905,0.426315
0.225000,0.975575,0.481241
0.226000,1.674422,0.600559
0.227000,1.474968,0.688000
0.228000,0.632097,0.682409
0.229000,0.765743,0.690743
0.230000,0.369984,0.658667
0.231000,0.588065,0.651607
0.232000,0.821452,0.668591
0.233000,1.060695,0.707802
0.234000,0.467370,0.683758
0.235000,0.494763,0.664859
0.236000,0.070429,0.605416
0.237000,0.707151,0.615589
0.238000,0.493495,0.603380
0.239000,0.720246,0.615067
0.240000,0.687998,0.622360
0.241000,0.993818,0.659506
0.242000,0.558822,0.649437
0.243000,0.697607,0.654254
0.244000,1.811273,0.769956
0.245000,0.801462,0.773107
0.246000,0.853290,0.781125
0.247000,1.708439,0.873856
0.248000,1.987104,0.985181
0.249000,0.709840,0.957647
0.250000,0.889525,0.950835
0.251000,1.040170,0.959768
0.252000,1.399079,1.003699
0.253000,0.537701,0.957100
0.254000,0.728320,0.934222
0.255000,1.020890,0.942888
0.256000,0.922506,0.940850
0.257000,0.701267,0.916892
0.258000,0.810879,0.906291
0.259000,0.486022,0.864264
0.260000,0.879604,0.865798
0.261000,0.922768,0.871495
0.262000,1.116985,0.896044
0.263000,0.912960,0.897735
0.264000,1.236500,0.931612
0.265000,1.394821,0.977933
0.266000,1.113147,0.991454
0.267000,1.128072,1.005116
0.268000,0.977832,1.002388
0.269000,0.888909,0.991040
0.270000,0.592550,0.951191
0.271000,0.823300,0.938402
0.272000,0.623770,0.906939
0.273000,1.216258,0.937870
0.274000,1.010764,0.945160
0.275000,0.622861,0.912930
0.276000,0.265419,0.848179
0.277000,0.165785,0.779939
0.278000,0.877210,0.789667
0.279000,0.629928,0.773693
0.280000,0.731828,0.769506
0.281000,0.100511,0.702607
0.282000,0.931615,0.725508
0.283000,0.807171,0.733674
0.284000,0.338836,0.694190
0.285000,0.512533,0.676024
0.286000,0.695106,0.677933
0.287000,0.574691,0.667608
0.288000,0.398030,0.640651
0.289000,0.369495,0.613535
0.290000,0.233424,0.575524
0.291000,0.262956,0.544267
0.292000,0.572580,0.547098
0.293000,-0.713658,0.421023
0.294000,-0.073885,0.371532
0.295000,0.009388,0.335318
0.296000,0.023920,0.304178
0.297000,-0.179269,0.255833
0.298000,-0.581783,0.172072
0.299000,0.068006,0.161665
0.300000,0.518205,0.197319
0.301000,-0.429766,0.134610
0.302000,0.313915,0.152541
0.303000,-0.030862,0.134201
0.304000,0.046481,0.125429
0.305000,-0.272304,0.085655
0.306000,-0.097507,0.067339
0.307000,0.333674,0.093973
0.308000,0.043664,0.088942
0.309000,0.302506,0.110298
0.310000,0.044207,0.103689
0.311000,-0.268815,0.066439
0.312000,0.037499,0.063545
0.313000,-0.427253,0.014465
0.314000,-0.367594,-0.023741
0.315000,-0.742962,-0.095663
0.316000,-0.652001,-0.151297
0.317000,-0.880072,-0.224174
0.318000,-0.356509,-0.237408
0.319000,-0.977378,-0.311405
0.320000,-0.353080,-0.315572
0.321000,-0.608299,-0.344845
0.322000,-0.168493,-0.327210
0.323000,-0.274248,-0.321914
0.324000,0.051858,-0.284536
0.325000,-0.287874,-0.284870
0.326000,-1.010369,-0.357420
0.327000,-0.608394,-0.382517
0.328000,-1.004558,-0.444722
0.329000,-0.883836,-0.488633
0.330000,-0.355648,-0.475334
0.331000,-0.697624,-0.497563
0.332000,-1.171564,-0.564963
0.333000,-1.326661,-0.641133
0.334000,-1.056683,-0.682688
0.335000,-1.455975,-0.760017
0.336000,-1.296380,-0.813653
0.337000,-0.985955,-0.830883
0.338000,-0.700740,-0.817869
0.339000,-0.820056,-0.818088
0.340000,-1.638443,-0.900123
0.341000,-0.807180,-0.890829
0.342000,-0.829416,-0.884688
0.343000,-0.689946,-0.865213
0.344000,-0.307213,-0.809413
0.345000,-1.406660,-0.869138
0.346000,-0.979234,-0.880148
0.347000,-0.656487,-0.857782
0.348000,-1.354948,-0.907498
0.349000,-0.494918,-0.866240
0.350000,-0.889493,-0.868566
0.351000,-0.807335,-0.862442
0.352000,-1.286867,-0.904885
0.353000,-0.913236,-0.905720
0.354000,-0.861785,-0.901327
0.355000,-1.117825,-0.922976
0.356000,-1.102178,-0.940897
0.357000,-1.056617,-0.952469
0.358000,-1.345144,-0.991736
0.359000,-1.066356,-0.999198
0.360000,-0.996813,-0.998960
0.361000,-0.764059,-0.975470
0.362000,-0.512272,-0.929150
0.363000,-1.073512,-0.943586
0.364000,-0.752118,-0.924439
0.365000,-0.246570,-0.856652
0.366000,-0.909172,-0.861904
0.367000,-0.945614,-0.870275
0.368000,-0.666079,-0.849856
0.369000,-0.511962,-0.816066
0.370000,-0.805589,-0.815019
0.371000,-0.453270,-0.778844
0.372000,-0.631032,-0.764063
0.373000,-0.659368,-0.753593
0.374000,-0.752945,-0.753528
0.375000,-0.208811,-0.699057
0.376000,-0.936307,-0.722782
0.377000,-1.424172,-0.792921
0.378000,-0.273705,-0.740999
0.379000,-0.812020,-0.748101
0.380000,-0.555421,-0.728833
0.381000,-0.107415,-0.666691
0.382000,-0.898948,-0.689917
0.383000,-0.722732,-0.693198
0.384000,-0.771926,-0.701071
0.385000,-0.492231,-0.680187
0.386000,-0.103677,-0.622536
0.387000,-0.078088,-0.568091
0.388000,-0.167685,-0.528051
0.389000,-0.700764,-0.545322
0.390000,-1.002048,-0.590995
0.391000,-0.324488,-0.564344
0.392000,-0.507780,-0.558688
0.393000,-0.242131,-0.527032
0.394000,-0.167007,-0.491029
0.395000,-0.314962,-0.473423
0.396000,-0.087505,-0.434831
0.397000,-0.187148,-0.410063
0.398000,-0.021328,-0.371189
0.399000,-0.304616,-0.364532
0.400000,-0.053883,-0.333467
0.401000,0.152247,-0.284896
0.402000,0.426506,-0.213755
0.403000,0.137789,-0.178601
0.404000,0.471895,-0.113551
0.405000,0.276683,-0.074528
0.406000,0.342330,-0.032842
0.407000,0.628802,0.033322
0.408000,-0.231671,0.006823
0.409000,-0.048147,0.001326
0.410000,-0.135639,-0.012371
0.411000,-0.423150,-0.053448
0.412000,0.047088,-0.043395
0.413000,0.460175,0.006962
0.414000,0.150103,0.021276
0.415000,0.313328,0.050481
0.416000,0.618308,0.107264
0.417000,0.745544,0.171092
0.418000,0.397528,0.193736
0.419000,0.906356,0.264998
0.420000,0.615423,0.300040
0.421000,0.423491,0.312385
0.422000,0.576661,0.338813
0.423000,0.378954,0.342827
0.424000,0.608318,0.369376
0.425000,0.799702,0.412409
0.426000,1.160255,0.487193
0.427000,1.428145,0.581288
0.428000,0.473416,0.570501
0.429000,0.969807,0.610432
0.430000,0.496854,0.599074
0.431000,0.907686,0.629935
0.432000,0.687445,0.635686
0.433000,0.149667,0.587084
0.434000,0.964584,0.624834
0.435000,0.509506,0.613301
0.436000,0.554446,0.607416
0.437000,0.435026,0.590177
0.438000,0.615934,0.592753
0.439000,1.007445,0.634222
0.440000,0.894283,0.660228
0.441000,1.120696,0.706275
0.442000,1.194717,0.755119
0.443000,1.533919,0.832999
0.444000,1.069663,0.856665
0.445000,0.744631,0.845462
0.446000,1.502493,0.911165
0.447000,1.057919,0.925840
0.448000,1.449962,0.978253
0.449000,1.176323,0.998060
0.450000,0.960659,0.994320
0.451000,1.042336,0.999121
0.452000,1.465773,1.045786
0.453000,1.456853,1.086893
0.454000,0.822718,1.060476
0.455000,0.835746,1.038003
0.456000,1.114948,1.045697
0.457000,0.560415,0.997169
0.458000,0.950947,0.992547
0.459000,0.890731,0.982365
0.460000,1.045229,0.988652
0.461000,0.752674,0.965054
0.462000,0.570463,0.925595
0.463000,0.457663,0.878802
0.464000,0.759823,0.866904
0.465000,0.953404,0.875554
0.466000,0.978561,0.885854
0.467000,1.603715,0.957641
0.468000,1.293683,0.991245
0.469000,0.600257,0.952146
0.470000,0.913330,0.948264
0.471000,0.606228,0.914061
0.472000,0.567647,0.879419
0.473000,0.643905,0.855868
0.474000,0.724509,0.842732
0.475000,0.405329,0.798992
0.476000,0.813491,0.800442
0.477000,0.156927,0.736090
0.478000,0.521769,0.714658
0.479000,1.330406,0.776233
0.480000,0.654709,0.764080
0.481000,1.053851,0.793058
0.482000,0.680840,0.781836
0.483000,0.845078,0.788160
0.484000,0.654930,0.774837
0.485000,0.602868,0.757640
0.486000,0.382146,0.720091
0.487000,0.688042,0.716886
0.488000,0.230220,0.668219
0.489000,0.600217,0.661419
0.490000,0.634603,0.658737
0.491000,0.327147,0.625578
0.492000,0.045258,0.567546
0.493000,0.192530,0.530045
0.494000,-0.095432,0.467497
0.495000,0.237099,0.444457
0.496000,-0.614300,0.338582
0.497000,-0.168377,0.287886
0.498000,-0.652010,0.193896
0.499000,-0.478911,0.126615
0.500000,0.409159,0.154870
0.501000,0.298948,0.169278
0.502000,-0.161078,0.136242
0.503000,-0.383056,0.084312
0.504000,-0.824481,-0.006567
0.505000,-0.119483,-0.017859
0.506000,0.728954,0.056823
0.507000,0.074125,0.058553
0.508000,-0.299005,0.022797
0.509000,-0.077664,0.012751
0.510000,-0.777305,-0.066255
0.511000,-0.489738,-0.108603
0.512000,-0.455838,-0.143326
0.513000,-0.584781,-0.187472
0.514000,-0.378749,-0.206600
0.515000,-0.550597,-0.240999
0.516000,-0.471467,-0.264046
0.517000,-0.877356,-0.325377
0.518000,-0.384039,-0.331243
0.519000,-0.135206,-0.311640
0.520000,-0.878830,-0.368359
0.521000,-0.817412,-0.413264
0.522000,-0.119132,-0.383851
0.523000,-0.556912,-0.401157
0.524000,-0.073189,-0.368360
0.525000,-0.639867,-0.395511
0.526000,-0.102244,-0.366184
0.527000,-0.548862,-0.384452
0.528000,-0.575488,-0.403556
0.529000,-0.258936,-0.389094
0.530000,-0.917548,-0.441939
0.531000,-1.171221,-0.514867
0.532000,-1.096454,-0.573026
0.533000,-0.886845,-0.604408
0.534000,-1.536246,-0.697592
0.535000,-0.899765,-0.717809
0.536000,-1.256670,-0.771695
0.537000,-0.735214,-0.768047
0.538000,-1.765612,-0.867803
0.539000,-1.238654,-0.904889
0.540000,-1.456997,-0.960099
0.541000,-1.146359,-0.978725
0.542000,-0.776726,-0.958525
0.543000,-0.867881,-0.949461
0.544000,-0.868089,-0.941324
0.545000,-0.835444,-0.930736
0.546000,-0.740887,-0.911751
0.547000,-1.136319,-0.934208
0.548000,-0.668415,-0.907628
0.549000,-0.738903,-0.890756
0.550000,-0.884489,-0.890129
0.551000,-0.894350,-0.890551
0.552000,-1.026658,-0.904162
0.553000,-0.546843,-0.868430
0.554000,-1.208454,-0.902432
0.555000,-1.279813,-0.940171
0.556000,-1.398557,-0.986009
0.557000,-1.447399,-1.032148
0.558000,-1.459482,-1.074882
0.559000,-1.288736,-1.096267
0.560000,-0.972261,-1.083866
0.561000,-0.778789,-1.053359
0.562000,-0.796877,-1.027710
0.563000,-0.985612,-1.023501
0.564000,-0.444560,-0.965607
0.565000,-0.469183,-0.915964
0.566000,-0.733990,-0.897767
0.567000,-0.894813,-0.897471
0.568000,-0.562242,-0.863948
0.569000,-0.708885,-0.848442
0.570000,-1.243455,-0.887943
0.571000,-0.872352,-0.886384
0.572000,-0.809460,-0.878692
0.573000,-1.181823,-0.909005
0.574000,-0.862227,-0.904327
0.575000,-1.343554,-0.948250
0.576000,-0.473903,-0.900815
0.577000,-0.448730,-0.855607
0.578000,-0.830736,-0.853120
0.579000,-0.565674,-0.824375
0.580000,-1.310762,-0.873014
0.581000,-0.847184,-0.870431
0.582000,-0.506403,-0.834028
0.583000,-0.668878,-0.817513
0.584000,-0.077223,-0.743484
0.585000,0.345198,-0.634616
0.586000,-0.588552,-0.630009
0.587000,-0.486584,-0.615667
0.588000,-0.179933,-0.572093
0.589000,0.206400,-0.494244
0.590000,-0.675729,-0.512393
0.591000,-0.266084,-0.487762
0.592000,0.180143,-0.420971
0.593000,-0.875474,-0.466422
0.594000,-0.761913,-0.495971
0.595000,-0.483516,-0.494725
0.596000,-0.471721,-0.492425
0.597000,-0.012131,-0.444395
0.598000,-0.107850,-0.410741
0.599000,-0.625703,-0.432237
0.600000,0.154623,-0.373551
0.601000,-0.080048,-0.344201
0.602000,0.562682,-0.253512
0.603000,0.067635,-0.221398
0.604000,0.124560,-0.186802
0.605000,0.518774,-0.116244
0.606000,0.606471,-0.043973
0.607000,0.514376,0.011862
0.608000,-0.139432,-0.003267
0.609000,0.502205,0.047280
0.610000,-0.001275,0.042424
0.611000,0.347517,0.072934
0.612000,-0.176553,0.047985
0.613000,0.369241,0.080111
0.614000,-0.006412,0.071458
0.615000,-0.130800,0.051232
0.616000,0.505688,0.096678
0.617000,0.419731,0.128983
0.618000,0.234077,0.139493
0.619000,0.935634,0.219107
0.620000,0.455590,0.242755
0.621000,0.684343,0.286914
0.622000,0.835655,0.341788
0.623000,0.637215,0.371331
0.624000,1.016099,0.435808
0.625000,0.747071,0.466934
0.626000,0.795688,0.499809
0.627000,1.320707,0.581899
0.628000,0.575894,0.581299
0.629000,0.128124,0.535981
0.630000,1.292298,0.611613
0.631000,1.530076,0.703459
0.632000,0.605190,0.693632
0.633000,0.117887,0.636058
0.634000,0.592950,0.631747
0.635000,0.605140,0.629086
0.636000,0.657639,0.631942
0.637000,0.421935,0.610941
0.638000,0.986088,0.648456
0.639000,1.036430,0.687253
0.640000,0.502735,0.668801
0.641000,1.231856,0.725107
0.642000,1.701946,0.822791
0.643000,1.189308,0.859442
0.644000,1.071301,0.880628
0.645000,1.145087,0.907074
0.646000,1.366903,0.953057
0.647000,0.638164,0.921568
0.648000,1.164901,0.945901
0.649000,0.944171,0.945728
0.650000,1.554348,1.006590
0.651000,0.885451,0.994476
0.652000,1.380836,1.033112
0.653000,0.502636,0.980064
0.654000,0.978081,0.979866
0.655000,0.883508,0.970230
0.656000,0.531362,0.926343
0.657000,0.867332,0.920442
0.658000,1.214782,0.949876
0.659000,0.801353,0.935024
0.660000,0.443468,0.885868
0.661000,0.997415,0.897023
0.662000,0.776607,0.884981
0.663000,0.976856,0.894169
0.664000,1.070562,0.911808
0.665000,0.579311,0.878558
0.666000,0.581820,0.848885
0.667000,1.167165,0.880713
0.668000,0.805069,0.873148
0.669000,0.119461,0.797780
0.670000,1.044470,0.822449
0.671000,0.810063,0.821210
0.672000,0.438794,0.782968
0.673000,0.193259,0.723998
0.674000,0.789500,0.730548
0.675000,0.611912,0.718684
0.676000,1.209116,0.767727
0.677000,0.625565,0.753511
0.678000,0.636178,0.741778
0.679000,0.501025,0.717703
0.680000,0.832818,0.729214
0.681000,0.811412,0.737434
0.682000,1.028901,0.766581
0.683000,0.514448,0.741367
0.684000,0.541343,0.721365
0.685000,0.510260,0.700254
0.686000,0.853231,0.715552
0.687000,1.008464,0.744843
0.688000,0.348029,0.705162
0.689000,0.273109,0.661957
0.690000,0.403240,0.636085
0.691000,0.143459,0.586822
0.692000,0.416749,0.569815
0.693000,-0.619193,0.450914
0.694000,-0.250842,0.380739
0.695000,-0.278290,0.314836
0.696000,-0.760985,0.207254
0.697000,-0.356787,0.150850
0.698000,-0.329313,0.102833
0.699000,-0.090724,0.083478
0.700000,0.333890,0.108519
0.701000,-0.043126,0.093354
0.702000,-0.254478,0.058571
0.703000,0.050609,0.057775
0.704000,0.379630,0.089960
0.705000,-0.249222,0.056042
0.706000,-0.270342,0.023404
0.707000,0.111225,0.032186
0.708000,-0.197594,0.009208
0.709000,-0.022942,0.005993
0.710000,-0.313111,-0.025917
0.711000,-0.190042,-0.042330
0.712000,-0.796205,-0.117717
0.713000,-0.562577,-0.162203
0.714000,-0.679198,-0.213903
0.715000,-1.018758,-0.294388
0.716000,-1.141008,-0.379050
0.717000,-0.465120,-0.387657
0.718000,-0.758670,-0.424759
0.719000,-0.930571,-0.475340
0.720000,-0.616639,-0.489470
0.721000,-0.212698,-0.461793
0.722000,-1.204088,-0.536022
0.723000,-0.948500,-0.577270
0.724000,-0.771202,-0.596663
0.725000,-0.068753,-0.543872
0.726000,-0.453981,-0.534883
0.727000,-0.358112,-0.517206
0.728000,-0.995004,-0.564986
0.729000,-1.064212,-0.614908
0.730000,-0.674673,-0.620885
0.731000,-0.871402,-0.645937
0.732000,-0.797263,-0.661069
0.733000,-1.078847,-0.702847
0.734000,-0.983075,-0.730870
0.735000,-1.043571,-0.762140
0.736000,-0.861708,-0.772097
0.737000,-0.837456,-0.778633
0.738000,-1.533295,-0.854099
0.739000,-1.676865,-0.936375
0.740000,-0.650533,-0.907791
0.741000,-0.542173,-0.871229
0.742000,-1.157213,-0.899828
0.743000,-1.372064,-0.947051
0.744000,-0.762366,-0.928583
0.745000,-0.508437,-0.886568
0.746000,-0.262625,-0.824174
0.747000,-0.678869,-0.809643
0.748000,-0.991985,-0.827878
0.749000,-1.205642,-0.865654
0.750000,-0.996565,-0.878745
0.751000,-1.151089,-0.905980
0.752000,-1.420104,-0.957392
0.753000,-0.542739,-0.915927
0.754000,-0.646775,-0.889012
0.755000,-0.846874,-0.884798
0.756000,-1.448754,-0.941193
0.757000,-0.881214,-0.935195
0.758000,-0.894252,-0.931101
0.759000,-0.889333,-0.926924
0.760000,-0.576157,-0.891848
0.761000,-0.688466,-0.871509
0.762000,-0.590215,-0.843380
0.763000,-0.564879,-0.815530
0.764000,-0.612378,-0.795215
0.765000,-1.226090,-0.838302
0.766000,-0.661009,-0.820573
0.767000,-0.865796,-0.825095
0.768000,-1.110723,-0.853658
0.769000,-0.260732,-0.794365
0.770000,-0.290318,-0.743961
0.771000,-0.444192,-0.713984
0.772000,-0.811506,-0.723736
0.773000,-0.506727,-0.702035
0.774000,-0.915564,-0.723388
0.775000,-0.846268,-0.735676
0.776000,-1.202800,-0.782388
0.777000,-0.704018,-0.774551
0.778000,-0.736865,-0.770783
0.779000,-1.065506,-0.800255
0.780000,-0.603144,-0.780544
0.781000,-0.524199,-0.754909
0.782000,0.120999,-0.667319
0.783000,-0.078974,-0.608484
0.784000,-0.288109,-0.576447
0.785000,-0.179354,-0.536737
0.786000,-0.222304,-0.505294
0.787000,-0.296219,-0.484387
0.788000,-0.575296,-0.493477
0.789000,-0.322250,-0.476355
0.790000,-0.532846,-0.482004
0.791000,-0.715889,-0.505392
0.792000,-0.212880,-0.476141
0.793000,-0.262567,-0.454784
0.794000,-0.913605,-0.500666
0.795000,-0.393240,-0.489923
0.796000,-0.016834,-0.442614
0.797000,0.061855,-0.392167
0.798000,0.127403,-0.340210
0.799000,-0.081540,-0.314343
0.800000,-0.253514,-0.308260
0.801000,-0.231895,-0.300624
0.802000,0.283729,-0.242189
0.803000,0.369696,-0.181000
0.804000,0.701744,-0.092726
0.805000,0.686428,-0.014810
0.806000,0.337924,0.020463
0.807000,0.006685,0.019085
0.808000,0.270515,0.044228
0.809000,0.405964,0.080402
0.810000,0.248392,0.097201
0.811000,0.103566,0.097837
0.812000,0.326433,0.120697
0.813000,0.084157,0.117043
0.814000,0.047148,0.110053
0.815000,0.347426,0.133791
0.816000,0.170945,0.137506
0.817000,0.420469,0.165802
0.818000,0.500231,0.199245
0.819000,0.158451,0.195166
0.820000,0.443413,0.219991
0.821000,1.106044,0.308596
0.822000,0.406357,0.318372
0.823000,0.188119,0.305347
0.824000,0.316205,0.306433
0.825000,0.915840,0.367373
0.826000,0.928455,0.423481
0.827000,0.876631,0.468796
0.828000,1.252327,0.547149
0.829000,0.050108,0.497445
0.830000,0.927797,0.540480
0.831000,1.233709,0.609803
0.832000,0.388437,0.587667
0.833000,0.584997,0.587400
0.834000,0.460228,0.574683
0.835000,0.422703,0.559485
0.836000,0.616737,0.565210
0.837000,1.184197,0.627109
0.838000,1.363435,0.700741
0.839000,0.778296,0.708497
0.840000,1.522575,0.789905
0.841000,1.032770,0.814191
0.842000,1.612248,0.893997
0.843000,1.109731,0.915570
0.844000,1.211816,0.945195
0.845000,1.297331,0.980408
0.846000,2.135982,1.095966
0.847000,1.412751,1.127644
0.848000,0.903404,1.105220
0.849000,1.352009,1.129899
0.850000,0.891450,1.106054
0.851000,0.790778,1.074527
0.852000,1.153050,1.082379
0.853000,0.843084,1.058449
0.854000,0.885476,1.041152
0.855000,0.791884,1.016225
0.856000,0.893051,1.003908
0.857000,0.941603,0.997677
0.858000,0.269936,0.924903
0.859000,1.098462,0.942259
0.860000,0.656451,0.913678
0.861000,0.569994,0.879310
0.862000,1.029810,0.894360
0.863000,1.104752,0.915399
0.864000,0.886987,0.912558
0.865000,1.340316,0.955334
0.866000,0.663865,0.926187
0.867000,0.900462,0.923614
0.868000,0.786423,0.909895
0.869000,0.874908,0.906396
0.870000,0.892676,0.905024
0.871000,0.425984,0.857120
0.872000,0.870241,0.858432
0.873000,0.607208,0.833310
0.874000,-0.028827,0.747096
0.875000,-0.080471,0.664340
0.876000,0.490640,0.646970
0.877000,0.433218,0.625594
0.878000,0.488841,0.611919
0.879000,0.542709,0.604998
0.880000,0.655453,0.610044
0.881000,0.908182,0.639857
0.882000,0.320052,0.607877
0.883000,0.319253,0.579015
0.884000,0.343968,0.555510
0.885000,0.740665,0.574025
0.886000,0.989475,0.615570
0.887000,0.429549,0.596968
0.888000,-0.264828,0.510789
0.889000,-0.110657,0.448644
0.890000,0.059106,0.409690
0.891000,0.049869,0.373708
0.892000,0.008616,0.337199
0.893000,0.067914,0.310270
0.894000,-0.096354,0.269608
0.895000,0.271236,0.269771
0.896000,-0.267683,0.216025
0.897000,-0.326390,0.161784
0.898000,0.088896,0.154495
0.899000,-0.491085,0.089937
0.900000,0.116908,0.092634
0.901000,0.061159,0.089487
0.902000,0.010534,0.081591
0.903000,0.544178,0.127850
0.904000,-0.121784,0.102887
0.905000,0.661655,0.158763
0.906000,-0.064799,0.136407
0.907000,-0.439445,0.078822
0.908000,-0.110157,0.059924
0.909000,-0.540061,-0.000074
0.910000,-0.534544,-0.053521
0.911000,-0.281431,-0.076312
0.912000,-0.319007,-0.100582
0.913000,-0.745602,-0.165084
0.914000,-0.319769,-0.180552
0.915000,-0.306738,-0.193171
0.916000,-0.241074,-0.197961
0.917000,-0.512021,-0.229367
0.918000,-0.244355,-0.230866
0.919000,-1.188126,-0.326592
0.920000,-0.683157,-0.362248
0.921000,-0.811205,-0.407144
0.922000,-0.484099,-0.414840
0.923000,-0.670943,-0.440450
0.924000,-0.544183,-0.450823
0.925000,0.057546,-0.399986
0.926000,-0.589673,-0.418955
0.927000,-0.464170,-0.423477
0.928000,-0.722637,-0.453393
0.929000,-0.705638,-0.478617
0.930000,-0.807212,-0.511477
0.931000,-0.754387,-0.535768
0.932000,-0.612293,-0.543420
0.933000,-0.528327,-0.541911
0.934000,-0.973632,-0.585083
0.935000,-0.914142,-0.617989
0.936000,-1.440298,-0.700220
0.937000,-1.105921,-0.740790
0.938000,-0.765247,-0.743236
0.939000,-0.742894,-0.743201
0.940000,-0.887574,-0.757639
0.941000,-0.632572,-0.745132
0.942000,-0.703796,-0.740998
0.943000,-0.454021,-0.712301
0.944000,-0.705268,-0.711597
0.945000,-0.894398,-0.729877
0.946000,-0.701151,-0.727005
0.947000,-1.712937,-0.825598
0.948000,-0.765604,-0.819599
0.949000,-2.032227,-0.940861
0.950000,-1.517039,-0.998479
0.951000,-0.925779,-0.991209
0.952000,-0.972325,-0.989321
0.953000,-1.506094,-1.040998
0.954000,-1.395957,-1.076494
0.955000,-0.776526,-1.046497
0.956000,-1.317708,-1.073618
0.957000,-0.464844,-1.012741
0.958000,-1.086716,-1.020138
0.959000,-0.899686,-1.008093
0.960000,-0.465994,-0.953883
0.961000,-0.839769,-0.942472
0.962000,-1.112923,-0.959517
0.963000,-0.788869,-0.942452
0.964000,-0.725299,-0.920737
0.965000,-1.100429,-0.938706
0.966000,-0.762845,-0.921120
0.967000,-0.921596,-0.921168
0.968000,-0.449464,-0.873997
0.969000,-0.754894,-0.862087
0.970000,-0.893856,-0.865264
0.971000,-0.883813,-0.867119
0.972000,-0.821134,-0.862520
0.973000,-0.726870,-0.848955
0.974000,-1.219094,-0.885969
0.975000,-1.219583,-0.919330
0.976000,-0.543355,-0.881733
0.977000,-0.946816,-0.888241
0.978000,-1.180034,-0.917421
0.979000,-0.541567,-0.879835
0.980000,-0.448774,-0.836729
0.981000,-0.959495,-0.849006
0.982000,-0.349425,-0.799048
0.983000,-0.126563,-0.731799
0.984000,-0.179226,-0.676542
0.985000,-0.064396,-0.615327
0.986000,-0.656849,-0.619479
0.987000,-0.136032,-0.571135
0.988000,-0.341353,-0.548156
0.989000,-0.421772,-0.535518
0.990000,-0.047850,-0.486751
0.991000,0.102988,-0.427777
0.992000,0.172064,-0.367793
0.993000,0.014496,-0.329564
0.994000,-0.410513,-0.337659
0.995000,-0.250618,-0.328955
0.996000,-0.085498,-0.304609
0.997000,-0.219558,-0.296104
0.998000,-0.141118,-0.280606
0.999000,0.153912,-0.237154
